{
  "trained_date": "2025-10-29 11:27:36",
  "optimal_thresholds": {
    "XGBoost": {
      "threshold": 0.18999999999999995,
      "recall": 0.8610108303249098,
      "precision": 0.5347533632286996,
      "f1": 0.6597510373443983,
      "f2_score": 0.7673745173745173
    },
    "LightGBM": {
      "threshold": 0.2699999999999999,
      "recall": 0.8916967509025271,
      "precision": 0.49105367793240556,
      "f1": 0.6333333333333333,
      "f2_score": 0.7666045934202359
    },
    "CatBoost": {
      "threshold": 0.3699999999999999,
      "recall": 0.9151624548736462,
      "precision": 0.48377862595419846,
      "f1": 0.6329588014981273,
      "f2_score": 0.7766544117647058
    },
    "Stacking": {
      "threshold": 0.1,
      "recall": 0.8880866425992779,
      "precision": 0.5005086469989827,
      "f1": 0.6402081977878985,
      "f2_score": 0.7689903094717099
    }
  },
  "recommended_threshold": 0.1,
  "recommended_model": "Stacking"
}